Year,unemployment rate,County,Poverty Rate
1990,6.825,Alabama,19.2
1990,7.258333333,Alaska,11.4
1990,5.216666667,Arizona,13.7
1990,6.875,Arkansas,19.6
1990,5.791666667,California,13.9
1990,5.133333333,Colorado,13.7
1990,4.933333333,Connecticut,6
1990,4.408333333,Delaware,6.9
1990,5.891666667,District of Columbia,21.1
1990,6.233333333,Florida,14.4
1990,5.366666667,Georgia,15.8
1990,2.6,Hawaii,11
1990,6.3,Illinois,13.7
1990,5.108333333,Indiana,13
1990,4.25,Kansas,10.3
1990,6.041666667,Kentucky,17.3
1990,6.233333333,Louisiana,23.6
1990,4.3,Maryland,9.9
1990,6.4,Massachusetts,10.7
1990,7.7,Michigan,14.3
1990,4.7,Minnesota,12
1990,5.9,Missouri,13.4
1990,2.4,Nebraska,10.3
1990,4.7,Nevada,9.8
1990,5.066666667,NewJersey,9.2
1990,5.066666667,NewMexico,20.9
1990,5.066666667,NewYork,14.3
1990,5.066666667,NorthCarolina,13
1990,5.066666667,NorthDakota,13.7
1990,5.066666667,Ohio,11.5
1990,5.066666667,Oklahoma,15.6
1990,5.066666667,Oregon,9.2
1990,5.066666667,Pennsylvania,11
1990,5.066666667,PuertoRico,
1990,5.35,TENNESSE,16.9
1990,6.383333333,TEXAS,15.9
1990,4.383333333,UTAH,8.2
1990,4.416666667,VIRGINIA,11.1
1990,5.166666667,WASHINGTON,8.9
1990,4.366666667,WISCONSIN,9.3
1991,7.325,Alabama,18.8
1991,8.341666667,Alaska,11.8
1991,5.858333333,Arizona,14.8
1991,7.308333333,Arkansas,17.3
1991,7.825,California,15.7
1991,5.283333333,Colorado,10.4
1991,6.55,Connecticut,8.6
1991,5.916666667,Delaware,7.5
1991,7.7,District of Columbia,18.6
1991,7.641666667,Florida,15.4
1991,5.283333333,Georgia,17.2
1991,2.791666667,Hawaii,7.7
1991,7.283333333,Illinois,13.5
1991,5.7,Indiana,15.7
1991,4.45,Kansas,12.3
1991,7.316666667,Kentucky,18.8
1991,7.241666667,Louisiana,19
1991,5.9,Maryland,9.1
1991,8.9,Massachusetts,11
1991,9.3,Michigan,14.1
1991,5.1,Minnesota,12.9
1991,6.6,Missouri,14.8
1991,2.7,Nebraska,9.5
1991,5.9,Nevada,11.4
1991,6.783333333,NewJersey,9.7
1991,6.783333333,NewMexico,22.4
1991,6.783333333,NewYork,15.3
1991,6.783333333,NorthCarolina,14.5
1991,6.783333333,NorthDakota,14.5
1991,6.783333333,Ohio,13.4
1991,6.783333333,Oklahoma,17
1991,6.783333333,Oregon,13.5
1991,6.783333333,Pennsylvania,11
1991,6.783333333,PuertoRico,
1991,6.6,TENNESSE,15.5
1991,6.983333333,TEXAS,17.5
1991,4.758333333,UTAH,12.9
1991,5.808333333,VIRGINIA,9.9
1991,6.091666667,WASHINGTON,9.5
1991,5.375,WISCONSIN,9.9
1992,7.525,Alabama,17.3
1992,8.858333333,Alaska,10.2
1992,7.566666667,Arizona,15.8
1992,7,Arkansas,17.5
1992,9.35,California,16.4
1992,6.091666667,Colorado,10.8
1992,7.333333333,Connecticut,9.8
1992,5.225,Delaware,7.8
1992,8.583333333,District of Columbia,20.3
1992,8.366666667,Florida,15.6
1992,6.608333333,Georgia,17.7
1992,4.141666667,Hawaii,11.2
1992,7.866666667,Illinois,15.6
1992,6.091666667,Indiana,11.8
1992,4.566666667,Kansas,11.1
1992,6.891666667,Kentucky,19.7
1992,7.833333333,Louisiana,24.5
1992,6.5,Maryland,11.8
1992,8.8,Massachusetts,10.3
1992,9.1,Michigan,13.6
1992,5,Minnesota,13
1992,6.2,Missouri,15.7
1992,2.9,Nebraska,10.6
1992,6.8,Nevada,14.7
1992,8.508333333,NewJersey,10.3
1992,8.508333333,NewMexico,21.6
1992,8.508333333,NewYork,15.7
1992,8.508333333,NorthCarolina,15.8
1992,8.508333333,NorthDakota,12.1
1992,8.508333333,Ohio,12.5
1992,8.508333333,Oklahoma,18.6
1992,8.508333333,Oregon,11.4
1992,8.508333333,Pennsylvania,11.9
1992,8.508333333,PuertoRico,
1992,6.45,TENNESSE,17
1992,7.683333333,TEXAS,18.3
1992,4.875,UTAH,9.4
1992,6.158333333,VIRGINIA,9.5
1992,7.191666667,WASHINGTON,11.2
1992,5.091666667,WISCONSIN,10.9
1993,7.241666667,Alabama,17.4
1993,7.8,Alaska,9.1
1993,6.366666667,Arizona,15.4
1993,6.133333333,Arkansas,20
1993,9.533333333,California,18.2
1993,5.383333333,Colorado,9.9
1993,6.483333333,Connecticut,8.5
1993,4.908333333,Delaware,10.2
1993,8.4,District of Columbia,26.4
1993,7.4,Florida,17.8
1993,5.716666667,Georgia,13.5
1993,4.383333333,Hawaii,8
1993,7.491666667,Illinois,13.6
1993,5.116666667,Indiana,12.2
1993,4.941666667,Kansas,13.1
1993,6.191666667,Kentucky,20.4
1993,7.458333333,Louisiana,26.4
1993,6,Maryland,9.7
1993,7.3,Massachusetts,10.7
1993,7.4,Michigan,15.4
1993,4.8,Minnesota,11.6
1993,6.2,Missouri,16.1
1993,2.8,Nebraska,10.3
1993,6.9,Nevada,9.8
1993,7.775,NewJersey,10.9
1993,7.775,NewMexico,17.4
1993,7.775,NewYork,16.4
1993,7.775,NorthCarolina,14.4
1993,7.775,NorthDakota,11.2
1993,7.775,Ohio,13
1993,7.775,Oklahoma,19.9
1993,7.775,Oregon,11.8
1993,7.775,Pennsylvania,13.2
1993,7.775,PuertoRico,
1993,5.85,TENNESSE,19.6
1993,7.216666667,TEXAS,17.4
1993,4.05,UTAH,10.7
1993,5.2,VIRGINIA,9.7
1993,7.275,WASHINGTON,12.1
1993,4.375,WISCONSIN,12.6
1994,6.175,Alabama,16.4
1994,7.616666667,Alaska,10.2
1994,6.191666667,Arizona,15.9
1994,5.441666667,Arkansas,15.3
1994,8.65,California,17.9
1994,4.141666667,Colorado,9
1994,5.541666667,Connecticut,10.8
1994,4.7,Delaware,8.3
1994,7.933333333,District of Columbia,21.2
1994,6.475,Florida,14.9
1994,5.066666667,Georgia,14
1994,5.175,Hawaii,8.7
1994,5.8,Illinois,12.4
1994,4.658333333,Indiana,13.7
1994,4.783333333,Kansas,14.9
1994,5.35,Kentucky,18.5
1994,7.65,Louisiana,25.7
1994,5.2,Maryland,10.7
1994,6.2,Massachusetts,9.7
1994,6.1,Michigan,14.1
1994,4,Minnesota,11.7
1994,5.2,Missouri,15.6
1994,2.6,Nebraska,8.8
1994,6.2,Nevada,11.1
1994,6.825,NewJersey,9.2
1994,6.825,NewMexico,21.1
1994,6.825,NewYork,17
1994,6.825,NorthCarolina,14.2
1994,6.825,NorthDakota,10.4
1994,6.825,Ohio,14.1
1994,6.825,Oklahoma,16.7
1994,6.825,Oregon,11.8
1994,6.825,Pennsylvania,12.5
1994,6.825,PuertoRico,
1994,4.808333333,TENNESSE,14.6
1994,6.566666667,TEXAS,19.1
1994,3.741666667,UTAH,8
1994,4.8,VIRGINIA,10.7
1994,6.291666667,WASHINGTON,11.7
1994,4.2,WISCONSIN,9
1995,5.833333333,Alabama,20.1
1995,7.325,Alaska,7.1
1995,5.3,Arizona,16.1
1995,4.866666667,Arkansas,14.9
1995,7.891666667,California,16.7
1995,4.025,Colorado,8.8
1995,5.308333333,Connecticut,9.7
1995,4.266666667,Delaware,10.3
1995,8.608333333,District of Columbia,22.2
1995,5.6,Florida,16.2
1995,4.75,Georgia,12.1
1995,5.525,Hawaii,10.3
1995,5.2,Illinois,12.4
1995,4.433333333,Indiana,9.6
1995,4.358333333,Kansas,10.8
1995,5.4,Kentucky,14.7
1995,6.866666667,Louisiana,19.7
1995,5,Maryland,10.1
1995,5.5,Massachusetts,11
1995,5.3,Michigan,12.2
1995,3.7,Minnesota,9.2
1995,4.8,Missouri,9.4
1995,2.6,Nebraska,9.6
1995,5.6,Nevada,11.1
1995,6.416666667,NewJersey,7.8
1995,6.416666667,NewMexico,25.3
1995,6.416666667,NewYork,16.5
1995,6.416666667,NorthCarolina,12.6
1995,6.416666667,NorthDakota,12
1995,6.416666667,Ohio,11.5
1995,6.416666667,Oklahoma,17.1
1995,6.416666667,Oregon,11.2
1995,6.416666667,Pennsylvania,12.2
1995,6.416666667,PuertoRico,
1995,5.158333333,TENNESSE,15.5
1995,6.116666667,TEXAS,17.4
1995,3.433333333,UTAH,8.4
1995,4.45,VIRGINIA,10.2
1995,6.225,WASHINGTON,12.5
1995,3.716666667,WISCONSIN,8.5
1996,5.208333333,Alabama,14
1996,7.425,Alaska,8.2
1996,5.491666667,Arizona,20.5
1996,5.166666667,Arkansas,17.2
1996,7.35,California,16.9
1996,4.166666667,Colorado,10.6
1996,5.2,Connecticut,11.7
1996,4.95,Delaware,8.6
1996,8.425,District of Columbia,24.1
1996,5.283333333,Florida,14.2
1996,4.591666667,Georgia,14.8
1996,5.916666667,Hawaii,12.1
1996,5.283333333,Illinois,12.1
1996,3.966666667,Indiana,7.5
1996,4.25,Kansas,11.2
1996,5.383333333,Kentucky,17
1996,6.458333333,Louisiana,20.5
1996,4.9,Maryland,10.3
1996,4.6,Massachusetts,10.1
1996,4.9,Michigan,11.2
1996,3.8,Minnesota,9.8
1996,4.7,Missouri,9.5
1996,2.7,Nebraska,10.2
1996,5.1,Nevada,8.1
1996,6.116666667,NewJersey,9.2
1996,6.116666667,NewMexico,25.5
1996,6.116666667,NewYork,16.7
1996,6.116666667,NorthCarolina,12.2
1996,6.116666667,NorthDakota,11
1996,6.116666667,Ohio,12.7
1996,6.116666667,Oklahoma,16.6
1996,6.116666667,Oregon,11.8
1996,6.116666667,Pennsylvania,11.6
1996,6.116666667,PuertoRico,
1996,5.166666667,TENNESSE,15.9
1996,5.75,TEXAS,16.6
1996,3.375,UTAH,7.7
1996,4.316666667,VIRGINIA,12.3
1996,5.908333333,WASHINGTON,11.9
1996,3.608333333,WISCONSIN,8.8
1997,4.933333333,Alabama,15.7
1997,6.933333333,Alaska,8.8
1997,4.625,Arizona,17.2
1997,5.108333333,Arkansas,19.7
1997,6.408333333,California,16.6
1997,3.358333333,Colorado,8.2
1997,4.683333333,Connecticut,8.6
1997,4.008333333,Delaware,9.6
1997,8.141666667,District of Columbia,21.8
1997,4.925,Florida,14.3
1997,4.475,Georgia,14.5
1997,5.925,Hawaii,13.9
1997,4.775,Illinois,11.2
1997,3.416666667,Indiana,8.8
1997,3.791666667,Kansas,9.7
1997,5.225,Kentucky,15.9
1997,5.883333333,Louisiana,16.3
1997,4.8,Maryland,8.4
1997,4.1,Massachusetts,12.2
1997,4.3,Michigan,10.3
1997,3.2,Minnesota,9.6
1997,4.4,Missouri,11.8
1997,2.4,Nebraska,9.8
1997,4.4,Nevada,11
1997,5.325,NewJersey,9.3
1997,5.325,NewMexico,21.2
1997,5.325,NewYork,16.5
1997,5.325,NorthCarolina,11.4
1997,5.325,NorthDakota,13.6
1997,5.325,Ohio,11
1997,5.325,Oklahoma,13.7
1997,5.325,Oregon,11.6
1997,5.325,Pennsylvania,11.2
1997,5.325,PuertoRico,
1997,5.266666667,TENNESSE,14.3
1997,5.391666667,TEXAS,16.7
1997,3.166666667,UTAH,8.9
1997,3.7,VIRGINIA,12.7
1997,4.941666667,WASHINGTON,9.2
1997,3.475,WISCONSIN,8.2
1998,4.458333333,Alabama,14.5
1998,6.325,Alaska,9.4
1998,4.275,Arizona,16.6
1998,5.05,Arkansas,14.7
1998,5.933333333,California,15.4
1998,3.616666667,Colorado,9.2
1998,3.241666667,Connecticut,9.5
1998,3.491666667,Delaware,10.3
1998,8.316666667,District of Columbia,22.3
1998,4.45,Florida,13.1
1998,4.191666667,Georgia,13.5
1998,5.825,Hawaii,10.9
1998,4.45,Illinois,10.1
1998,3.008333333,Indiana,9.4
1998,3.675,Kansas,9.6
1998,4.508333333,Kentucky,13.5
1998,5.516666667,Louisiana,19.1
1998,4.2,Maryland,7.2
1998,3.4,Massachusetts,8.7
1998,4,Michigan,11
1998,2.7,Minnesota,10.3
1998,4,Missouri,9.8
1998,2.5,Nebraska,12.3
1998,4.2,Nevada,10.6
1998,4.558333333,NewJersey,8.6
1998,4.558333333,NewMexico,20.4
1998,4.558333333,NewYork,16.7
1998,4.558333333,NorthCarolina,14
1998,4.558333333,NorthDakota,15.1
1998,4.558333333,Ohio,11.2
1998,4.558333333,Oklahoma,14.1
1998,4.558333333,Oregon,15
1998,4.558333333,Pennsylvania,11.3
1998,4.558333333,PuertoRico,
1998,4.35,TENNESSE,13.4
1998,4.966666667,TEXAS,15.1
1998,3.558333333,UTAH,9
1998,2.775,VIRGINIA,8.8
1998,4.833333333,WASHINGTON,8.9
1998,3.283333333,WISCONSIN,8.8
1999,4.725,Alabama,15.2
1999,6.408333333,Alaska,7.6
1999,4.458333333,Arizona,12.2
1999,4.533333333,Arkansas,14.7
1999,5.266666667,California,14
1999,3.016666667,Colorado,8.5
1999,2.458333333,Connecticut,7.2
1999,3.283333333,Delaware,10.4
1999,6.575,District of Columbia,14.7
1999,3.933333333,Florida,12.4
1999,3.833333333,Georgia,12.8
1999,5.191666667,Hawaii,10.8
1999,4.408333333,Illinois,9.9
1999,2.95,Indiana,6.7
1999,3.483333333,Kansas,12.3
1999,4.491666667,Kentucky,12.1
1999,4.975,Louisiana,19.2
1999,3.5,Maryland,7.3
1999,3.3,Massachusetts,11.8
1999,3.7,Michigan,9.7
1999,2.7,Minnesota,7.3
1999,3.2,Missouri,11.7
1999,2.7,Nebraska,11
1999,4,Nevada,11.3
1999,4.4,NewJersey,7.8
1999,4.4,NewMexico,20.9
1999,4.4,NewYork,14.2
1999,4.4,NorthCarolina,13.8
1999,4.4,NorthDakota,13.1
1999,4.4,Ohio,12
1999,4.4,Oklahoma,12.8
1999,4.4,Oregon,12.6
1999,4.4,Pennsylvania,9.3
1999,4.4,PuertoRico,
1999,3.958333333,TENNESSE,11.9
1999,4.725,TEXAS,15.2
1999,3.508333333,UTAH,5.7
1999,2.7,VIRGINIA,7.9
1999,4.825,WASHINGTON,9.6
1999,3.075,WISCONSIN,8.6
2000,4.625,Alabama,13.3
2000,6.316666667,Alaska,7.6
2000,3.983333333,Arizona,11.7
2000,4.175,Arkansas,16.5
2000,4.925,California,12.7
2000,2.741666667,Colorado,9.8
2000,2.108333333,Connecticut,7.7
2000,3.608333333,Delaware,8.4
2000,5.691666667,District of Columbia,15.2
2000,3.758333333,Florida,11
2000,3.5,Georgia,12.1
2000,4.25,Hawaii,8.9
2000,4.441666667,Illinois,10.7
2000,3.05,Indiana,8.5
2000,3.775,Kansas,8
2000,4.141666667,Kentucky,12.6
2000,5.15,Louisiana,17.2
2000,3.5,Maryland,7.4
2000,2.8,Massachusetts,9.8
2000,3.7,Michigan,9.9
2000,3,Minnesota,5.7
2000,3.4,Missouri,9.2
2000,2.8,Nebraska,8.6
2000,4.1,Nevada,8.8
2000,3.65,NewJersey,7.3
2000,3.65,NewMexico,17.5
2000,3.65,NewYork,13.9
2000,3.65,NorthCarolina,12.5
2000,3.65,NorthDakota,10.4
2000,3.65,Ohio,10
2000,3.65,Oklahoma,14.9
2000,3.65,Oregon,10.9
2000,3.65,Pennsylvania,8.6
2000,3.65,PuertoRico,
2000,3.866666667,TENNESSE,13.5
2000,4.383333333,TEXAS,15.5
2000,3.325,UTAH,7.6
2000,2.283333333,VIRGINIA,8.3
2000,5.091666667,WASHINGTON,10.8
2000,3.391666667,WISCONSIN,9.3
2001,5.183333333,Alabama,15.9
2001,6.283333333,Alaska,8.5
2001,4.725,Arizona,14.6
2001,4.758333333,Arkansas,17.8
2001,5.466666667,California,12.6
2001,3.816666667,Colorado,8.7
2001,2.875,Connecticut,7.3
2001,3.575,Delaware,6.7
2001,6.466666667,District of Columbia,18.2
2001,4.425,Florida,12.7
2001,4.083333333,Georgia,12.9
2001,4.275,Hawaii,11.4
2001,5.433333333,Illinois,10.1
2001,4.241666667,Indiana,8.5
2001,4.266666667,Kansas,10.1
2001,5.208333333,Kentucky,12.6
2001,5.6,Louisiana,16.2
2001,4.2,Maryland,7.2
2001,3.8,Massachusetts,8.9
2001,5.2,Michigan,9.4
2001,3.8,Minnesota,7.4
2001,4.5,Missouri,9.7
2001,3.2,Nebraska,9.4
2001,5.2,Nevada,7.1
2001,4.233333333,NewJersey,8.1
2001,4.233333333,NewMexico,18
2001,4.233333333,NewYork,14.2
2001,4.233333333,NorthCarolina,12.5
2001,4.233333333,NorthDakota,13.8
2001,4.233333333,Ohio,10.5
2001,4.233333333,Oklahoma,15.1
2001,4.233333333,Oregon,11.8
2001,4.233333333,Pennsylvania,9.6
2001,4.233333333,PuertoRico,
2001,4.516666667,TENNESSE,14.1
2001,4.958333333,TEXAS,14.9
2001,4.366666667,UTAH,10.5
2001,3.283333333,VIRGINIA,8
2001,6.008333333,WASHINGTON,10.7
2001,4.433333333,WISCONSIN,7.9
2002,5.925,Alabama,14.5
2002,7.166666667,Alaska,8.8
2002,6.141666667,Arizona,13.5
2002,5.333333333,Arkansas,19.8
2002,6.758333333,California,13.1
2002,5.683333333,Colorado,9.8
2002,4.4,Connecticut,8.3
2002,4.266666667,Delaware,9.1
2002,6.983333333,District of Columbia,17
2002,4.958333333,Florida,12.6
2002,5.316666667,Georgia,11.2
2002,4.05,Hawaii,11.3
2002,6.55,Illinois,12.8
2002,5.191666667,Indiana,9.1
2002,5.083333333,Kansas,10.1
2002,5.791666667,Kentucky,14.2
2002,5.991666667,Louisiana,17.5
2002,4.8,Maryland,7.4
2002,5.2,Massachusetts,10
2002,6.2,Michigan,11.6
2002,4.5,Minnesota,6.5
2002,5.3,Missouri,9.9
2002,3.7,Nebraska,10.6
2002,5.7,Nevada,8.9
2002,5.766666667,NewJersey,7.9
2002,5.766666667,NewMexico,17.9
2002,5.766666667,NewYork,14
2002,5.766666667,NorthCarolina,14.3
2002,5.766666667,NorthDakota,11.6
2002,5.766666667,Ohio,9.8
2002,5.766666667,Oklahoma,14.1
2002,5.766666667,Oregon,10.9
2002,5.766666667,Pennsylvania,9.5
2002,5.766666667,PuertoRico,
2002,5.125,TENNESSE,14.8
2002,6.358333333,TEXAS,15.6
2002,5.666666667,UTAH,9.9
2002,4.358333333,VIRGINIA,9.9
2002,7.075,WASHINGTON,11
2002,5.325,WISCONSIN,8.6
2003,5.983333333,Alabama,15
2003,7.683333333,Alaska,9.6
2003,5.783333333,Arizona,13.5
2003,5.758333333,Arkansas,17.8
2003,6.891666667,California,13.1
2003,6.108333333,Colorado,9.7
2003,5.45,Connecticut,8.1
2003,4.466666667,Delaware,7.3
2003,7.275,District of Columbia,16.8
2003,4.466666667,Florida,12.7
2003,5.141666667,Georgia,11.9
2003,3.908333333,Hawaii,9.3
2003,6.725,Illinois,12.6
2003,5.275,Indiana,9.9
2003,5.55,Kansas,10.8
2003,6.191666667,Kentucky,14.4
2003,6.283333333,Louisiana,17
2003,4.8,Maryland,8.6
2003,5.7,Massachusetts,10.3
2003,7.1,Michigan,11.4
2003,4.8,Minnesota,7.4
2003,5.7,Missouri,10.7
2003,3.9,Nebraska,9.8
2003,5.3,Nevada,10.9
2003,5.841666667,NewJersey,8.6
2003,5.841666667,NewMexico,18.1
2003,5.841666667,NewYork,14.3
2003,5.841666667,NorthCarolina,15.7
2003,5.841666667,NorthDakota,9.7
2003,5.841666667,Ohio,10.9
2003,5.841666667,Oklahoma,12.8
2003,5.841666667,Oregon,12.5
2003,5.841666667,Pennsylvania,10.5
2003,5.841666667,PuertoRico,
2003,5.508333333,TENNESSE,14
2003,6.733333333,TEXAS,17
2003,5.566666667,UTAH,9.1
2003,4.341666667,VIRGINIA,10
2003,7.233333333,WASHINGTON,12.6
2003,5.616666667,WISCONSIN,9.8
2004,5.575,Alabama,16.9
2004,7.416666667,Alaska,9.1
2004,4.966666667,Arizona,14.4
2004,5.583333333,Arkansas,15.1
2004,6.216666667,California,13.2
2004,5.566666667,Colorado,10
2004,5.091666667,Connecticut,10.1
2004,4.3,Delaware,9
2004,8.083333333,District of Columbia,17
2004,3.75,Florida,11.6
2004,5.116666667,Georgia,13
2004,3.291666667,Hawaii,8.6
2004,6.175,Illinois,12.3
2004,5.4,Indiana,11.6
2004,5.508333333,Kansas,11.4
2004,5.5,Kentucky,17.8
2004,5.7,Louisiana,16.8
2004,4.6,Maryland,9.9
2004,5.1,Massachusetts,9.3
2004,7,Michigan,13.3
2004,4.6,Minnesota,7
2004,5.9,Missouri,12.2
2004,3.9,Nebraska,9.5
2004,4.5,Nevada,10.9
2004,4.925,NewJersey,8
2004,4.925,NewMexico,16.5
2004,4.925,NewYork,15
2004,4.925,NorthCarolina,14.6
2004,4.925,NorthDakota,9.7
2004,4.925,Ohio,11.6
2004,4.925,Oklahoma,10.8
2004,4.925,Oregon,11.8
2004,4.925,Pennsylvania,11.4
2004,4.925,PuertoRico,
2004,5.35,TENNESSE,15.9
2004,6.016666667,TEXAS,16.5
2004,5.008333333,UTAH,10.1
2004,4.083333333,VIRGINIA,9.4
2004,6.3,WASHINGTON,11.4
2004,4.975,WISCONSIN,12.4
2005,4.458333333,Alabama,16.7
2005,6.933333333,Alaska,10
2005,4.666666667,Arizona,15.2
2005,5.258333333,Arkansas,13.8
2005,5.383333333,California,13.2
2005,5.075,Colorado,11.4
2005,4.8,Connecticut,9.3
2005,4.508333333,Delaware,9.2
2005,6.991666667,District of Columbia,21.3
2005,2.875,Florida,11.1
2005,5.691666667,Georgia,14.4
2005,2.825,Hawaii,8.6
2005,5.716666667,Illinois,11.5
2005,5.391666667,Indiana,12.6
2005,5.066666667,Kansas,12.5
2005,5.875,Kentucky,14.8
2005,7.058333333,Louisiana,18.3
2005,4.5,Maryland,9.7
2005,4.8,Massachusetts,10.1
2005,6.8,Michigan,12
2005,4.1,Minnesota,8.1
2005,5.4,Missouri,11.6
2005,3.8,Nebraska,9.5
2005,4.1,Nevada,10.6
2005,4.441666667,NewJersey,6.8
2005,4.441666667,NewMexico,17.9
2005,4.441666667,NewYork,14.5
2005,4.441666667,NorthCarolina,13.1
2005,4.441666667,NorthDakota,11.2
2005,4.441666667,Ohio,12.3
2005,4.441666667,Oklahoma,15.6
2005,4.441666667,Oregon,12
2005,4.441666667,Pennsylvania,11.2
2005,4.441666667,PuertoRico,
2005,5.525,TENNESSE,14.9
2005,5.458333333,TEXAS,16.2
2005,4.041666667,UTAH,9.2
2005,3.825,VIRGINIA,9.2
2005,5.591666667,WASHINGTON,10.2
2005,4.741666667,WISCONSIN,10.2
2006,4,Alabama,14.3
2006,6.633333333,Alaska,8.9
2006,4.308333333,Arizona,14.4
2006,5.25,Arkansas,17.7
2006,4.916666667,California,12.2
2006,4.275,Colorado,9.7
2006,4.425,Connecticut,8
2006,3.908333333,Delaware,9.3
2006,6.325,District of Columbia,18.3
2006,2.466666667,Florida,11.5
2006,5.075,Georgia,12.6
2006,2.55,Hawaii,9.2
2006,4.6,Illinois,10.6
2006,5,Indiana,10.6
2006,4.425,Kansas,12.8
2006,5.725,Kentucky,16.8
2006,4.133333333,Louisiana,17
2006,4.2,Maryland,8.4
2006,4.7,Massachusetts,12
2006,7,Michigan,13.3
2006,4.1,Minnesota,8.2
2006,4.9,Missouri,11.4
2006,3,Nebraska,10.2
2006,4.1,Nevada,9.5
2006,4.616666667,NewJersey,8.8
2006,4.616666667,NewMexico,16.9
2006,4.616666667,NewYork,14
2006,4.616666667,NorthCarolina,13.8
2006,4.616666667,NorthDakota,11.4
2006,4.616666667,Ohio,12.1
2006,4.616666667,Oklahoma,15.2
2006,4.616666667,Oregon,11.8
2006,4.616666667,Pennsylvania,11.3
2006,4.616666667,PuertoRico,
2006,5.275,TENNESSE,14.9
2006,5,TEXAS,16.4
2006,2.866666667,UTAH,9.3
2006,3.341666667,VIRGINIA,8.6
2006,5,WASHINGTON,8
2006,4.675,WISCONSIN,10.1
2007,4.041666667,Alabama,14.5
2007,6.258333333,Alaska,7.6
2007,3.75,Arizona,14.3
2007,5.391666667,Arkansas,13.8
2007,5.308333333,California,12.7
2007,3.7,Colorado,9.8
2007,4.45,Connecticut,8.9
2007,3.608333333,Delaware,9.3
2007,5.95,District of Columbia,18
2007,3.3,Florida,12.5
2007,4.916666667,Georgia,13.6
2007,2.725,Hawaii,7.5
2007,5.066666667,Illinois,10
2007,4.625,Indiana,11.8
2007,4.233333333,Kansas,11.7
2007,5.366666667,Kentucky,15.5
2007,4.091666667,Louisiana,16.1
2007,3.7,Maryland,8.8
2007,4.5,Massachusetts,11.2
2007,7.1,Michigan,10.8
2007,4.6,Minnesota,9.3
2007,5.1,Missouri,12.8
2007,2.9,Nebraska,9.9
2007,4.6,Nevada,9.7
2007,4.208333333,NewJersey,8.7
2007,4.208333333,NewMexico,14
2007,4.208333333,NewYork,14.5
2007,4.208333333,NorthCarolina,15.5
2007,4.208333333,NorthDakota,9.3
2007,4.208333333,Ohio,12.8
2007,4.208333333,Oklahoma,13.4
2007,4.208333333,Oregon,12.8
2007,4.208333333,Pennsylvania,10.4
2007,4.208333333,PuertoRico,
2007,4.633333333,TENNESSE,14.8
2007,4.366666667,TEXAS,16.5
2007,2.558333333,UTAH,9.6
2007,3.283333333,VIRGINIA,8.6
2007,4.6,WASHINGTON,10.2
2007,4.825,WISCONSIN,11
2008,5.883333333,Alabama,14.3
2008,6.475,Alaska,8.2
2008,5.791666667,Arizona,18
2008,5.441666667,Arkansas,15.3
2008,7.3,California,14.6
2008,4.875,Colorado,11
2008,5.65,Connecticut,8.1
2008,5.033333333,Delaware,9.6
2008,6.85,District of Columbia,16.5
2008,5.691666667,Florida,13.1
2008,6.783333333,Georgia,15.5
2008,4.033333333,Hawaii,9.9
2008,6.508333333,Illinois,12.3
2008,5.941666667,Indiana,14.3
2008,4.608333333,Kansas,12.7
2008,6.525,Kentucky,17.1
2008,4.666666667,Louisiana,18.2
2008,4.5,Maryland,8.7
2008,5.3,Massachusetts,11.3
2008,8.2,Michigan,13
2008,5.4,Minnesota,9.9
2008,6.2,Missouri,13.3
2008,3.3,Nebraska,10.6
2008,6.9,Nevada,10.8
2008,5.45,NewJersey,9.2
2008,5.45,NewMexico,19.3
2008,5.45,NewYork,14.2
2008,5.45,NorthCarolina,13.9
2008,5.45,NorthDakota,11.8
2008,5.45,Ohio,13.7
2008,5.45,Oklahoma,13.6
2008,5.45,Oregon,10.6
2008,5.45,Pennsylvania,11
2008,5.45,PuertoRico,
2008,6.516666667,TENNESSE,15
2008,4.866666667,TEXAS,15.9
2008,3.341666667,UTAH,7.6
2008,4.275,VIRGINIA,10.3
2008,5.291666667,WASHINGTON,10.4
2008,4.983333333,WISCONSIN,9.8
2009,10.08333333,Alabama,16.6
2009,7.983333333,Alaska,11.7
2009,9.666666667,Arizona,21.2
2009,7.725,Arkansas,18.9
2009,11.54166667,California,15.3
2009,7.875,Colorado,12.3
2009,8.325,Connecticut,8.4
2009,8.341666667,Delaware,12.3
2009,10,District of Columbia,17.9
2009,9.558333333,Florida,14.6
2009,10.425,Georgia,18.4
2009,6.658333333,Hawaii,12.5
2009,10.18333333,Illinois,13.2
2009,10.43333333,Indiana,16.1
2009,6.891666667,Kansas,13.7
2009,10.76666667,Kentucky,17
2009,6.791666667,Louisiana,14.3
2009,7.6,Maryland,9.6
2009,8.1,Massachusetts,10.8
2009,13.1,Michigan,14
2009,7.9,Minnesota,11.1
2009,9,Missouri,15.5
2009,4.7,Nebraska,9.9
2009,11.7,Nevada,13
2009,8.933333333,NewJersey,9.3
2009,8.933333333,NewMexico,19.3
2009,8.933333333,NewYork,15.8
2009,8.933333333,NorthCarolina,16.9
2009,8.933333333,NorthDakota,10.9
2009,8.933333333,Ohio,13.3
2009,8.933333333,Oklahoma,12.9
2009,8.933333333,Oregon,13.4
2009,8.933333333,Pennsylvania,11.1
2009,8.933333333,PuertoRico,
2009,10.11666667,TENNESSE,16.5
2009,7.541666667,TEXAS,17.3
2009,7.258333333,UTAH,9.7
2009,6.833333333,VIRGINIA,10.7
2009,8.266666667,WASHINGTON,11.7
2009,8.958333333,WISCONSIN,10.8
2010,10.375,Alabama,17.2
2010,8.133333333,Alaska,12.5
2010,10.3,Arizona,18.8
2010,7.858333333,Arkansas,15.3
2010,12.45833333,California,16.3
2010,9.141666667,Colorado,12.3
2010,9.558333333,Connecticut,8.6
2010,8.658333333,Delaware,12.2
2010,9.95,District of Columbia,19.5
2010,10.825,Florida,16
2010,10.68333333,Georgia,18.8
2010,6.825,Hawaii,12.4
2010,10.46666667,Illinois,14.1
2010,10.08333333,Indiana,16.3
2010,6.933333333,Kansas,14.5
2010,10.26666667,Kentucky,17.7
2010,7.516666667,Louisiana,21.5
2010,7.8,Maryland,10.9
2010,8.1,Massachusetts,10.9
2010,12.2,Michigan,15.7
2010,7.4,Minnesota,10.8
2010,9.5,Missouri,15
2010,4.7,Nebraska,10.2
2010,13.7,Nevada,16.6
2010,9.658333333,NewJersey,11.1
2010,9.658333333,NewMexico,18.3
2010,9.658333333,NewYork,16
2010,9.658333333,NorthCarolina,17.4
2010,9.658333333,NorthDakota,12.6
2010,9.658333333,Ohio,15.4
2010,9.658333333,Oklahoma,16.3
2010,9.658333333,Oregon,14.3
2010,9.658333333,Pennsylvania,12.2
2010,9.658333333,PuertoRico,
2010,9.825,TENNESSE,16.7
2010,8.191666667,TEXAS,18.4
2010,7.933333333,UTAH,10
2010,7.291666667,VIRGINIA,10.7
2010,9.133333333,WASHINGTON,11.6
2010,8.5,WISCONSIN,10.1
2011,9.583333333,Alabama,15.4
2011,7.733333333,Alaska,11.7
2011,9.433333333,Arizona,17.2
2011,7.908333333,Arkansas,18.7
2011,11.89166667,California,16.9
2011,8.691666667,Colorado,13.2
2011,9.016666667,Connecticut,10.1
2011,7.608333333,Delaware,13.7
2011,10.19166667,District of Columbia,19.9
2011,10,Florida,14.9
2011,10.125,Georgia,18.4
2011,6.833333333,Hawaii,12.1
2011,9.758333333,Illinois,14.2
2011,8.908333333,Indiana,15.6
2011,6.383333333,Kansas,14.3
2011,9.375,Kentucky,16
2011,7.433333333,Louisiana,21.1
2011,7.3,Maryland,9.3
2011,7.2,Massachusetts,10.6
2011,10,Michigan,15
2011,6.5,Minnesota,10
2011,8.6,Missouri,15.4
2011,4.4,Nebraska,10.2
2011,13.3,Nevada,15.5
2011,9.375,NewJersey,11.4
2011,9.375,NewMexico,22.2
2011,9.375,NewYork,16
2011,9.375,NorthCarolina,15.4
2011,9.375,NorthDakota,9.9
2011,9.375,Ohio,15.1
2011,9.375,Oklahoma,13.9
2011,9.375,Oregon,14.4
2011,9.375,Pennsylvania,12.6
2011,9.375,PuertoRico,
2011,9.108333333,TENNESSE,16.3
2011,8.016666667,TEXAS,17.4
2011,7.058333333,UTAH,11
2011,6.541666667,VIRGINIA,11.4
2011,8.525,WASHINGTON,12.5
2011,7.533333333,WISCONSIN,13.1
2012,8.158333333,Alabama,16.2
2012,7.25,Alaska,10
2012,8.35,Arizona,19
2012,7.266666667,Arkansas,20.1
2012,10.525,California,15.9
2012,8,Colorado,11.9
2012,8.358333333,Connecticut,10.3
2012,7.066666667,Delaware,13.5
2012,8.975,District of Columbia,18.4
2012,8.666666667,Florida,15.3
2012,9.033333333,Georgia,18.1
2012,5.9,Hawaii,13.8
2012,9.05,Illinois,12.6
2012,8.225,Indiana,15.2
2012,5.716666667,Kansas,14
2012,8.2,Kentucky,17.9
2012,6.766666667,Louisiana,21.1
2012,6.9,Maryland,9.9
2012,6.7,Massachusetts,11.3
2012,9.1,Michigan,13.7
2012,5.7,Minnesota,10
2012,7.2,Missouri,15.2
2012,3.9,Nebraska,12.2
2012,11.6,Nevada,15.8
2012,9.383333333,NewJersey,9.3
2012,9.383333333,NewMexico,20.4
2012,9.383333333,NewYork,17.2
2012,9.383333333,NorthCarolina,17.2
2012,9.383333333,NorthDakota,11.4
2012,9.383333333,Ohio,15.4
2012,9.383333333,Oklahoma,18
2012,9.383333333,Oregon,13.5
2012,9.383333333,Pennsylvania,13.9
2012,9.383333333,PuertoRico,
2012,7.958333333,TENNESSE,18.6
2012,6.708333333,TEXAS,17
2012,4.775,UTAH,11
2012,5.95,VIRGINIA,10.6
2012,7.641666667,WASHINGTON,11.6
2012,6.925,WISCONSIN,11.4
2013,7.325,Alabama,16.7
2013,6.991666667,Alaska,10.9
2013,7.816666667,Arizona,20.2
2013,7.041666667,Arkansas,17.1
2013,9.033333333,California,14.9
2013,6.75,Colorado,10.6
2013,7.95,Connecticut,11.3
2013,6.608333333,Delaware,14
2013,8.433333333,District of Columbia,21.3
2013,7.533333333,Florida,14.9
2013,8.133333333,Georgia,16.3
2013,4.758333333,Hawaii,11.1
2013,9.075,Illinois,13.3
2013,7.5,Indiana,11.6
2013,5.3,Kansas,13.2
2013,7.916666667,Kentucky,20
2013,6.416666667,Louisiana,19.2
2013,6.5,Maryland,10.3
2013,6.6,Massachusetts,11.9
2013,8.7,Michigan,14.5
2013,5,Minnesota,12
2013,6.8,Missouri,13.7
2013,3.7,Nebraska,11
2013,10,Nevada,17.4
2013,8.375,NewJersey,11.1
2013,8.375,NewMexico,21.7
2013,8.375,NewYork,14.5
2013,8.375,NorthCarolina,18.6
2013,8.375,NorthDakota,9.9
2013,8.375,Ohio,13.7
2013,8.375,Oklahoma,14
2013,8.375,Oregon,15.1
2013,8.375,Pennsylvania,12.4
2013,8.375,PuertoRico,
2013,7.725,TENNESSE,18.1
2013,6.3,TEXAS,16.8
2013,4.208333333,UTAH,8.3
2013,5.55,VIRGINIA,10.4
2013,6.633333333,WASHINGTON,12
2013,6.641666667,WISCONSIN,11
2014,6.733333333,Alabama,17.8
2014,6.741666667,Alaska,11.9
2014,6.791666667,Arizona,21.2
2014,5.9,Arkansas,18.4
2014,7.566666667,California,15.8
2014,4.983333333,Colorado,12.3
2014,6.616666667,Connecticut,8.6
2014,5.608333333,Delaware,11
2014,7.708333333,District of Columbia,19
2014,6.433333333,Florida,16.7
2014,7.133333333,Georgia,16.8
2014,4.233333333,Hawaii,10.8
2014,7.166666667,Illinois,13.7
2014,5.95,Indiana,14.6
2014,4.508333333,Kansas,12.1
2014,6.416666667,Kentucky,20
2014,6.25,Louisiana,23.1
2014,5.7,Maryland,9.8
2014,5.7,Massachusetts,13.6
2014,7.2,Michigan,14.8
2014,4.3,Minnesota,8.3
2014,6.2,Missouri,10.4
2014,3.3,Nebraska,11.8
2014,8.2,Nevada,17
2014,6.733333333,NewJersey,11.3
2014,6.733333333,NewMexico,20
2014,6.733333333,NewYork,14
2014,6.733333333,NorthCarolina,17.1
2014,6.733333333,NorthDakota,9.7
2014,6.733333333,Ohio,15.6
2014,6.733333333,Oklahoma,17.3
2014,6.733333333,Oregon,14.4
2014,6.733333333,Pennsylvania,12.5
2014,6.733333333,PuertoRico,
2014,6.6,TENNESSE,17.3
2014,5.191666667,TEXAS,16.4
2014,3.633333333,UTAH,10.2
2014,5.116666667,VIRGINIA,10.2
2014,5.925,WASHINGTON,12
2014,5.35,WISCONSIN,10.9
2015,6.125,Alabama,16.3
2015,6.275,Alaska,9.2
2015,6.075,Arizona,17.2
2015,4.95,Arkansas,16.1
2015,6.225,California,13.9
2015,3.741666667,Colorado,9.9
2015,5.616666667,Connecticut,9.1
2015,4.791666667,Delaware,11.1
2015,6.916666667,District of Columbia,16.6
2015,5.525,Florida,16.2
2015,6.075,Georgia,18.1
2015,3.416666667,Hawaii,10.9
2015,5.991666667,Illinois,10.9
2015,4.783333333,Indiana,13.5
2015,4.15,Kansas,14.2
2015,5.233333333,Kentucky,19.5
2015,6.291666667,Louisiana,18.6
2015,5,Maryland,9.6
2015,4.8,Massachusetts,11.5
2015,5.4,Michigan,12.8
2015,3.8,Minnesota,7.8
2015,5.1,Missouri,9.8
2015,3,Nebraska,10.3
2015,6.9,Nevada,13
2015,5.7,NewJersey,11.2
2015,5.7,NewMexico,19.7
2015,5.7,NewYork,14.2
2015,5.7,NorthCarolina,15.3
2015,5.7,NorthDakota,10.7
2015,5.7,Ohio,13.6
2015,5.7,Oklahoma,14.2
2015,5.7,Oregon,11.9
2015,5.7,Pennsylvania,12.3
2015,5.7,PuertoRico,
2015,5.566666667,TENNESSE,14.7
2015,4.483333333,TEXAS,14.7
2015,3.508333333,UTAH,9.3
2015,4.366666667,VIRGINIA,10.9
2015,5.433333333,WASHINGTON,11.4
2015,4.425,WISCONSIN,11.4
